ReviewsID,ProductID,CustomerReview,Rating
R468,PR4690,Great product. Good lighting and screen is not too big but big enough to make reading comfortable,4
R469,PR4691,Great opacity. Very matte. Stays very sticky and I hate this.,4
R470,PR4692,excellent dryer - love it,4
R471,PR4693,Glad this shoe fit as well as it does. But comfort is a bit lacking. Its still fairly new to me so I may come back later to give more stars if it starts to feel more comfortable. All in the risk of buying shoes online.,4
R472,PR4694,I absolutely love it!! It's gorgeous!! Bigger and better than I had expected! This ring would sell for $1200 in a jewelry store easy! It has gorgeous filigree on the sides. I am super excited and proud to have it as my engagement ring!,4
R473,PR4695,Great product. Good lighting and screen is not too big but big enough to make reading comfortable,4
R474,PR4696,Great opacity. Very matte. Stays very sticky and I hate this.,4
R475,PR4697,excellent dryer - love it,4
R476,PR4698,Glad this shoe fit as well as it does. But comfort is a bit lacking. Its still fairly new to me so I may come back later to give more stars if it starts to feel more comfortable. All in the risk of buying shoes online.,4
R477,PR4699,I absolutely love it!! It's gorgeous!! Bigger and better than I had expected! This ring would sell for $1200 in a jewelry store easy! It has gorgeous filigree on the sides. I am super excited and proud to have it as my engagement ring!,4
R478,PR4700,Great product. Good lighting and screen is not too big but big enough to make reading comfortable,4
R479,PR4701,Great opacity. Very matte. Stays very sticky and I hate this.,4
R480,PR4702,excellent dryer - love it,4
R481,PR4703,Glad this shoe fit as well as it does. But comfort is a bit lacking. Its still fairly new to me so I may come back later to give more stars if it starts to feel more comfortable. All in the risk of buying shoes online.,4
R482,PR4704,I absolutely love it!! It's gorgeous!! Bigger and better than I had expected! This ring would sell for $1200 in a jewelry store easy! It has gorgeous filigree on the sides. I am super excited and proud to have it as my engagement ring!,4
R483,PR4705,Great product. Good lighting and screen is not too big but big enough to make reading comfortable,4
R484,PR4706,Great opacity. Very matte. Stays very sticky and I hate this.,4
R485,PR4707,excellent dryer - love it,4
R486,PR4708,Glad this shoe fit as well as it does. But comfort is a bit lacking. Its still fairly new to me so I may come back later to give more stars if it starts to feel more comfortable. All in the risk of buying shoes online.,4
R487,PR4709,I absolutely love it!! It's gorgeous!! Bigger and better than I had expected! This ring would sell for $1200 in a jewelry store easy! It has gorgeous filigree on the sides. I am super excited and proud to have it as my engagement ring!,4
R488,PR4710,Great product. Good lighting and screen is not too big but big enough to make reading comfortable,4
R489,PR4711,Great opacity. Very matte. Stays very sticky and I hate this.,4
R490,PR4712,excellent dryer - love it,4
R491,PR4713,Glad this shoe fit as well as it does. But comfort is a bit lacking. Its still fairly new to me so I may come back later to give more stars if it starts to feel more comfortable. All in the risk of buying shoes online.,4
R492,PR4714,I absolutely love it!! It's gorgeous!! Bigger and better than I had expected! This ring would sell for $1200 in a jewelry store easy! It has gorgeous filigree on the sides. I am super excited and proud to have it as my engagement ring!,4
R493,PR4715,Great product. Good lighting and screen is not too big but big enough to make reading comfortable,4
R494,PR4716,Great opacity. Very matte. Stays very sticky and I hate this.,4
R495,PR4717,excellent dryer - love it,4
R496,PR4718,Glad this shoe fit as well as it does. But comfort is a bit lacking. Its still fairly new to me so I may come back later to give more stars if it starts to feel more comfortable. All in the risk of buying shoes online.,4
R497,PR4719,I absolutely love it!! It's gorgeous!! Bigger and better than I had expected! This ring would sell for $1200 in a jewelry store easy! It has gorgeous filigree on the sides. I am super excited and proud to have it as my engagement ring!,4
R498,PR4720,Great product. Good lighting and screen is not too big but big enough to make reading comfortable,4
R499,PR4721,Great opacity. Very matte. Stays very sticky and I hate this.,4
R500,PR4722,excellent dryer - love it,4
R501,PR4723,Glad this shoe fit as well as it does. But comfort is a bit lacking. Its still fairly new to me so I may come back later to give more stars if it starts to feel more comfortable. All in the risk of buying shoes online.,4
R502,PR4724,I absolutely love it!! It's gorgeous!! Bigger and better than I had expected! This ring would sell for $1200 in a jewelry store easy! It has gorgeous filigree on the sides. I am super excited and proud to have it as my engagement ring!,4
R503,PR4725,Great product. Good lighting and screen is not too big but big enough to make reading comfortable,4
R504,PR4726,Great opacity. Very matte. Stays very sticky and I hate this.,4
R505,PR4727,excellent dryer - love it,4
R506,PR4728,Glad this shoe fit as well as it does. But comfort is a bit lacking. Its still fairly new to me so I may come back later to give more stars if it starts to feel more comfortable. All in the risk of buying shoes online.,4
R507,PR4729,I absolutely love it!! It's gorgeous!! Bigger and better than I had expected! This ring would sell for $1200 in a jewelry store easy! It has gorgeous filigree on the sides. I am super excited and proud to have it as my engagement ring!,4
R508,PR4730,Great product. Good lighting and screen is not too big but big enough to make reading comfortable,4
R509,PR4731,Great opacity. Very matte. Stays very sticky and I hate this.,4
R510,PR4732,excellent dryer - love it,4
R511,PR4733,Glad this shoe fit as well as it does. But comfort is a bit lacking. Its still fairly new to me so I may come back later to give more stars if it starts to feel more comfortable. All in the risk of buying shoes online.,4
R512,PR4734,I absolutely love it!! It's gorgeous!! Bigger and better than I had expected! This ring would sell for $1200 in a jewelry store easy! It has gorgeous filigree on the sides. I am super excited and proud to have it as my engagement ring!,4
R513,PR4735,Great product. Good lighting and screen is not too big but big enough to make reading comfortable,4
R514,PR4736,Great opacity. Very matte. Stays very sticky and I hate this.,4
R515,PR4737,excellent dryer - love it,4
R516,PR4738,Glad this shoe fit as well as it does. But comfort is a bit lacking. Its still fairly new to me so I may come back later to give more stars if it starts to feel more comfortable. All in the risk of buying shoes online.,4
R517,PR4739,I absolutely love it!! It's gorgeous!! Bigger and better than I had expected! This ring would sell for $1200 in a jewelry store easy! It has gorgeous filigree on the sides. I am super excited and proud to have it as my engagement ring!,4
R518,PR4740,Great product. Good lighting and screen is not too big but big enough to make reading comfortable,4
R519,PR4741,Great opacity. Very matte. Stays very sticky and I hate this.,4
R520,PR4742,excellent dryer - love it,4
R521,PR4743,Glad this shoe fit as well as it does. But comfort is a bit lacking. Its still fairly new to me so I may come back later to give more stars if it starts to feel more comfortable. All in the risk of buying shoes online.,4
R522,PR4744,I absolutely love it!! It's gorgeous!! Bigger and better than I had expected! This ring would sell for $1200 in a jewelry store easy! It has gorgeous filigree on the sides. I am super excited and proud to have it as my engagement ring!,4
R523,PR4745,Great product. Good lighting and screen is not too big but big enough to make reading comfortable,4
R524,PR4746,Great opacity. Very matte. Stays very sticky and I hate this.,4
R525,PR4747,excellent dryer - love it,4
R526,PR4748,Glad this shoe fit as well as it does. But comfort is a bit lacking. Its still fairly new to me so I may come back later to give more stars if it starts to feel more comfortable. All in the risk of buying shoes online.,4
R527,PR4749,I absolutely love it!! It's gorgeous!! Bigger and better than I had expected! This ring would sell for $1200 in a jewelry store easy! It has gorgeous filigree on the sides. I am super excited and proud to have it as my engagement ring!,4
R528,PR4750,Great product. Good lighting and screen is not too big but big enough to make reading comfortable,4
R529,PR4751,Great opacity. Very matte. Stays very sticky and I hate this.,4
R530,PR4752,excellent dryer - love it,4
R531,PR4753,Glad this shoe fit as well as it does. But comfort is a bit lacking. Its still fairly new to me so I may come back later to give more stars if it starts to feel more comfortable. All in the risk of buying shoes online.,4
R532,PR4754,I absolutely love it!! It's gorgeous!! Bigger and better than I had expected! This ring would sell for $1200 in a jewelry store easy! It has gorgeous filigree on the sides. I am super excited and proud to have it as my engagement ring!,4
R533,PR4755,Great product. Good lighting and screen is not too big but big enough to make reading comfortable,4
R534,PR4756,Great opacity. Very matte. Stays very sticky and I hate this.,4
R535,PR4757,excellent dryer - love it,4
R536,PR4758,Glad this shoe fit as well as it does. But comfort is a bit lacking. Its still fairly new to me so I may come back later to give more stars if it starts to feel more comfortable. All in the risk of buying shoes online.,4
R537,PR4759,I absolutely love it!! It's gorgeous!! Bigger and better than I had expected! This ring would sell for $1200 in a jewelry store easy! It has gorgeous filigree on the sides. I am super excited and proud to have it as my engagement ring!,4
R538,PR4760,Great product. Good lighting and screen is not too big but big enough to make reading comfortable,4
R539,PR4761,Great opacity. Very matte. Stays very sticky and I hate this.,4
R540,PR4762,excellent dryer - love it,4
R541,PR4763,Glad this shoe fit as well as it does. But comfort is a bit lacking. Its still fairly new to me so I may come back later to give more stars if it starts to feel more comfortable. All in the risk of buying shoes online.,4
R542,PR4764,I absolutely love it!! It's gorgeous!! Bigger and better than I had expected! This ring would sell for $1200 in a jewelry store easy! It has gorgeous filigree on the sides. I am super excited and proud to have it as my engagement ring!,4
R543,PR4765,Great product. Good lighting and screen is not too big but big enough to make reading comfortable,4
R544,PR4766,Great opacity. Very matte. Stays very sticky and I hate this.,4
R545,PR4767,excellent dryer - love it,4
R546,PR4768,Glad this shoe fit as well as it does. But comfort is a bit lacking. Its still fairly new to me so I may come back later to give more stars if it starts to feel more comfortable. All in the risk of buying shoes online.,4
R547,PR4769,I absolutely love it!! It's gorgeous!! Bigger and better than I had expected! This ring would sell for $1200 in a jewelry store easy! It has gorgeous filigree on the sides. I am super excited and proud to have it as my engagement ring!,4
R548,PR4770,Great product. Good lighting and screen is not too big but big enough to make reading comfortable,4
R549,PR4771,Great opacity. Very matte. Stays very sticky and I hate this.,4
R550,PR4772,excellent dryer - love it,4
R551,PR4773,Glad this shoe fit as well as it does. But comfort is a bit lacking. Its still fairly new to me so I may come back later to give more stars if it starts to feel more comfortable. All in the risk of buying shoes online.,4
R552,PR4774,I absolutely love it!! It's gorgeous!! Bigger and better than I had expected! This ring would sell for $1200 in a jewelry store easy! It has gorgeous filigree on the sides. I am super excited and proud to have it as my engagement ring!,4
R553,PR4775,Great product. Good lighting and screen is not too big but big enough to make reading comfortable,4
R554,PR4776,Great opacity. Very matte. Stays very sticky and I hate this.,4
R555,PR4777,excellent dryer - love it,4
R556,PR4778,Glad this shoe fit as well as it does. But comfort is a bit lacking. Its still fairly new to me so I may come back later to give more stars if it starts to feel more comfortable. All in the risk of buying shoes online.,4
R557,PR4779,I absolutely love it!! It's gorgeous!! Bigger and better than I had expected! This ring would sell for $1200 in a jewelry store easy! It has gorgeous filigree on the sides. I am super excited and proud to have it as my engagement ring!,4
R558,PR4780,Great product. Good lighting and screen is not too big but big enough to make reading comfortable,4
R559,PR4781,Great opacity. Very matte. Stays very sticky and I hate this.,4
R560,PR4782,excellent dryer - love it,4
R561,PR4783,Glad this shoe fit as well as it does. But comfort is a bit lacking. Its still fairly new to me so I may come back later to give more stars if it starts to feel more comfortable. All in the risk of buying shoes online.,4
R562,PR4784,I absolutely love it!! It's gorgeous!! Bigger and better than I had expected! This ring would sell for $1200 in a jewelry store easy! It has gorgeous filigree on the sides. I am super excited and proud to have it as my engagement ring!,4
R563,PR4785,Great product. Good lighting and screen is not too big but big enough to make reading comfortable,4
R564,PR4786,Great opacity. Very matte. Stays very sticky and I hate this.,4
R565,PR4787,excellent dryer - love it,4
R566,PR4788,Glad this shoe fit as well as it does. But comfort is a bit lacking. Its still fairly new to me so I may come back later to give more stars if it starts to feel more comfortable. All in the risk of buying shoes online.,4
